Time elapsed was 64ns or 0.000000064s,64
Time elapsed was 83ns or 0.000000083s,83
Time elapsed was 107ns or 0.000000107s,107
Time elapsed was 76ns or 0.000000076s,76
Time elapsed was 155ns or 0.000000155s,155
Time elapsed was 72ns or 0.000000072s,72
Time elapsed was 297ns or 0.000000297s,297
Time elapsed was 314ns or 0.000000314s,314
Time elapsed was 301ns or 0.000000301s,301
Time elapsed was 267ns or 0.000000267s,267
total,1736
mean time in ns,173.6
